{
  "billing_components": {
    "monthly_fee": {
      "name": "월정액 요금",
      "description": "기본 요금제에 따른 월정액 요금 계산",
      "sub_components": [
        "기본요금",
        "부가서비스요금",
        "옵션요금"
      ],
      "calculation_factors": [
        "요금제",
        "부가서비스",
        "할인조건"
      ]
    },
    "usage_fee": {
      "name": "사용료",
      "description": "실제 사용량 기반 사용료 계산",
      "sub_components": [
        "데이터사용료",
        "음성사용료",
        "문자사용료"
      ],
      "calculation_factors": [
        "사용량",
        "단가",
        "할인율"
      ]
    },
    "one_time_fee": {
      "name": "일회성 요금",
      "description": "기기 변경, 개통, 해지 등 일회성 요금",
      "sub_components": [
        "기기변경수수료",
        "개통비",
        "해지비",
        "번호이동비"
      ],
      "calculation_factors": [
        "서비스유형",
        "기기종류",
        "계약조건"
      ]
    },
    "discount": {
      "name": "할인",
      "description": "다양한 할인 조건에 따른 할인 계산",
      "sub_components": [
        "가족할인",
        "기업할인",
        "프로모션할인",
        "자동할인"
      ],
      "calculation_factors": [
        "할인조건",
        "우선순위",
        "중복방지"
      ]
    },
    "penalty": {
      "name": "위약금",
      "description": "계약 해지 시 위약금 계산",
      "sub_components": [
        "조기해지위약금",
        "기기할부위약금",
        "약정위약금"
      ],
      "calculation_factors": [
        "계약기간",
        "해지사유",
        "할인적용여부"
      ]
    }
  },
  "system_classification": {
    "primary_system": "요금계산시스템",
    "sub_systems": [
      "월정액계산엔진",
      "사용료계산엔진", 
      "일회성요금엔진",
      "할인계산엔진",
      "위약금계산엔진",
      "요금정책DB",
      "청구시스템",
      "영업시스템"
    ]
  },
  "risk_categories": {
    "calculation_accuracy": {
      "name": "계산 정확성",
      "description": "요금 계산 결과의 정확성 관련 리스크",
      "weight": 0.3
    },
    "performance": {
      "name": "성능",
      "description": "대용량 처리 시 성능 관련 리스크",
      "weight": 0.25
    },
    "data_integrity": {
      "name": "데이터 무결성",
      "description": "요금 데이터의 일관성 및 무결성 관련 리스크",
      "weight": 0.2
    },
    "policy_compliance": {
      "name": "정책 준수",
      "description": "요금 정책 변경 및 적용 관련 리스크",
      "weight": 0.15
    },
    "system_availability": {
      "name": "시스템 가용성",
      "description": "요금 계산 시스템의 가용성 관련 리스크",
      "weight": 0.1
    }
  }
}
