[
  {
    "id": "SR-2024-001",
    "title": "월정액 요금 계산 로직 개선",
    "description": "현재 월정액 요금 계산 시 복잡한 할인 조건과 부가서비스 요금이 정확히 반영되지 않는 문제가 있습니다. 특히 가족 할인, 기업 할인, 신규 가입 할인 등이 중복 적용되거나 누락되는 경우가 발생하고 있습니다.",
    "system": "요금계산시스템",
    "priority": "High",
    "category": "개선",
    "requester": "김요금",
    "created_date": "2024-01-15",
    "target_date": "2024-02-15",
    "business_impact": "요금 계산 오류로 인한 매출 손실 및 고객 불만",
    "technical_requirements": [
      "월정액 기본요금 계산 로직 정확성 향상",
      "다중 할인 조건 처리 로직 개선",
      "부가서비스 요금 합산 로직 수정",
      "요금 계산 로그 상세화"
    ],
    "affected_components": ["월정액계산엔진", "할인엔진", "요금DB", "청구시스템"]
  },
  {
    "id": "SR-2024-002",
    "title": "사용료 계산 엔진 성능 최적화",
    "description": "데이터 사용량 기반 사용료 계산 시 처리 속도가 느려져 청구서 생성이 지연되는 문제가 있습니다. 특히 월말 대량 청구 처리 시 시스템 부하가 집중되어 타임아웃이 발생하고 있습니다.",
    "system": "요금계산시스템",
    "priority": "Critical",
    "category": "성능개선",
    "requester": "박사용료",
    "created_date": "2024-01-20",
    "target_date": "2024-01-30",
    "business_impact": "청구서 생성 지연으로 인한 고객 불만 및 매출 손실",
    "technical_requirements": [
      "사용료 계산 알고리즘 최적화",
      "대용량 데이터 처리 성능 향상",
      "병렬 처리 로직 구현",
      "캐싱 전략 도입"
    ],
    "affected_components": ["사용료계산엔진", "데이터처리서버", "청구DB", "배치처리시스템"]
  },
  {
    "id": "SR-2024-003",
    "title": "일회성 요금 계산 모듈 신규 개발",
    "description": "기기 변경 수수료, 개통비, 해지비 등 일회성 요금을 자동으로 계산하는 모듈이 필요합니다. 현재는 수동으로 계산하여 인적 오류 가능성이 높고 처리 시간이 오래 걸립니다.",
    "system": "요금계산시스템",
    "priority": "Medium",
    "category": "신규기능",
    "requester": "이일회성",
    "created_date": "2024-01-25",
    "target_date": "2024-03-01",
    "business_impact": "일회성 요금 처리 자동화로 업무 효율성 향상",
    "technical_requirements": [
      "일회성 요금 계산 엔진 개발",
      "요금 정책 관리 시스템 구축",
      "자동 계산 로직 구현",
      "요금 계산 이력 관리"
    ],
    "affected_components": ["일회성요금엔진", "요금정책DB", "청구시스템", "영업시스템"]
  },
  {
    "id": "SR-2024-004",
    "title": "할인 계산 로직 통합 개선",
    "description": "현재 다양한 할인 유형(가족할인, 기업할인, 프로모션할인, 자동할인)이 각각 다른 모듈에서 처리되어 중복 할인이나 할인 누락이 발생하고 있습니다. 통합된 할인 계산 엔진으로 개선이 필요합니다.",
    "system": "요금계산시스템",
    "priority": "High",
    "category": "성능개선",
    "requester": "최할인",
    "created_date": "2024-02-01",
    "target_date": "2024-02-28",
    "business_impact": "할인 계산 오류로 인한 매출 손실 및 고객 불만",
    "technical_requirements": [
      "통합 할인 계산 엔진 개발",
      "할인 우선순위 로직 구현",
      "할인 중복 방지 로직",
      "할인 계산 로그 강화"
    ],
    "affected_components": ["할인계산엔진", "할인정책DB", "요금계산시스템", "청구시스템"]
  },
  {
    "id": "SR-2024-005",
    "title": "위약금 계산 시스템 구축",
    "description": "계약 해지 시 위약금을 자동으로 계산하는 시스템이 필요합니다. 현재는 수동으로 계산하여 계산 오류와 처리 지연이 발생하고 있습니다. 계약 기간, 해지 사유, 할인 적용 여부에 따라 위약금이 달라집니다.",
    "system": "요금계산시스템",
    "priority": "Medium",
    "category": "신규기능",
    "requester": "정위약금",
    "created_date": "2024-02-05",
    "target_date": "2024-03-15",
    "business_impact": "위약금 계산 자동화로 정확성 향상 및 업무 효율성 증대",
    "technical_requirements": [
      "위약금 계산 엔진 개발",
      "계약 정보 연동",
      "위약금 정책 관리",
      "계산 이력 추적 시스템"
    ],
    "affected_components": ["위약금계산엔진", "계약관리시스템", "요금정책DB", "해지시스템"]
  },
  {
    "id": "SR-2024-006",
    "title": "요금 정책 관리 시스템 구축",
    "description": "다양한 요금 정책(기본요금, 할인정책, 위약금정책)을 통합 관리할 수 있는 시스템이 필요합니다. 현재는 각각 다른 시스템에서 관리되어 정책 변경 시 일관성 문제가 발생합니다.",
    "system": "요금계산시스템",
    "priority": "High",
    "category": "인프라개선",
    "requester": "한정책",
    "created_date": "2024-02-10",
    "target_date": "2024-02-25",
    "business_impact": "요금 정책 일관성 확보, 정책 변경 효율성 향상",
    "technical_requirements": [
      "통합 요금 정책 DB 구축",
      "정책 버전 관리 시스템",
      "정책 검증 로직",
      "정책 변경 이력 추적"
    ],
    "affected_components": ["요금정책DB", "정책관리시스템", "요금계산엔진", "영업시스템"]
  },
  {
    "id": "SR-2024-007",
    "title": "청구서 생성 시스템 성능 최적화",
    "description": "월말 대량 청구서 생성 시 처리 시간이 길어져 청구 마감일에 맞추지 못하는 문제가 발생하고 있습니다. 특히 고객 수가 증가하면서 시스템 부하가 심각해지고 있습니다.",
    "system": "요금계산시스템",
    "priority": "Medium",
    "category": "성능개선",
    "requester": "청구팀",
    "created_date": "2024-02-15",
    "target_date": "2024-03-30",
    "business_impact": "청구서 생성 지연으로 인한 고객 불만 및 영업 지연",
    "technical_requirements": [
      "청구서 생성 알고리즘 최적화",
      "병렬 처리 로직 구현",
      "메모리 사용량 최적화",
      "배치 처리 성능 향상"
    ],
    "affected_components": ["청구서생성엔진", "배치처리시스템", "청구DB", "영업시스템"]
  },
  {
    "id": "SR-2024-008",
    "title": "요금 계산 모니터링 시스템 구축",
    "description": "요금 계산 과정에서 발생하는 오류나 이상 상황을 실시간으로 모니터링할 수 있는 시스템이 필요합니다. 현재는 계산 완료 후에야 오류를 발견하여 대응이 늦어집니다.",
    "system": "요금계산시스템",
    "priority": "High",
    "category": "신규기능",
    "requester": "모니터링팀",
    "created_date": "2024-02-20",
    "target_date": "2024-04-01",
    "business_impact": "요금 계산 오류 조기 탐지, 계산 정확성 향상",
    "technical_requirements": [
      "실시간 계산 모니터링",
      "이상 패턴 탐지 알고리즘",
      "알림 시스템 연동",
      "대시보드 구축"
    ],
    "affected_components": ["모니터링엔진", "알림시스템", "요금계산엔진", "대시보드"]
  },
  {
    "id": "SR-2024-009",
    "title": "요금 계산 로그 시스템 개선",
    "description": "요금 계산 과정의 상세 로그가 부족하여 계산 오류 발생 시 원인 파악이 어렵습니다. 계산 단계별 상세 로그를 기록하여 디버깅과 감사를 용이하게 하고자 합니다.",
    "system": "요금계산시스템",
    "priority": "Low",
    "category": "개발효율성",
    "requester": "개발팀",
    "created_date": "2024-02-25",
    "target_date": "2024-03-20",
    "business_impact": "디버깅 효율성 향상, 계산 과정 투명성 확보",
    "technical_requirements": [
      "계산 단계별 상세 로그",
      "로그 검색 및 분석 도구",
      "로그 저장소 최적화",
      "로그 보안 강화"
    ],
    "affected_components": ["로그시스템", "요금계산엔진", "로그DB", "분석도구"]
  },
  {
    "id": "SR-2024-010",
    "title": "요금 계산 데이터베이스 최적화",
    "description": "요금 계산 관련 데이터베이스 쿼리 성능이 저하되어 계산 처리 시간이 길어지고 있습니다. 특히 대용량 요금 데이터 처리 시 인덱스 부족으로 성능 문제가 발생합니다.",
    "system": "요금계산시스템",
    "priority": "High",
    "category": "성능개선",
    "requester": "DB팀",
    "created_date": "2024-03-01",
    "target_date": "2024-03-15",
    "business_impact": "요금 계산 성능 저하, 청구서 생성 지연",
    "technical_requirements": [
      "요금 관련 테이블 인덱스 최적화",
      "쿼리 성능 모니터링",
      "파티셔닝 전략 수립",
      "성능 테스트 자동화"
    ],
    "affected_components": ["요금DB", "청구DB", "요금계산엔진", "모니터링"]
  },
  {
    "id": "SR-2024-011",
    "title": "고객 정보 검색 성능 개선",
    "description": "고객 정보 검색 시 응답 시간이 길어져 사용자 불만이 발생하고 있습니다. 특히 고객 수가 증가하면서 검색 성능이 저하되고 있습니다.",
    "system": "고객관리시스템",
    "priority": "High",
    "category": "성능개선",
    "requester": "고객관리팀",
    "created_date": "2024-03-05",
    "target_date": "2024-03-20",
    "business_impact": "고객 서비스 응답 지연으로 인한 고객 불만",
    "technical_requirements": [
      "고객 정보 검색 인덱스 최적화",
      "검색 알고리즘 개선",
      "캐싱 전략 도입",
      "데이터베이스 쿼리 최적화"
    ],
    "affected_components": ["고객DB", "검색엔진", "캐시서버", "API서버"]
  },
  {
    "id": "SR-2024-012",
    "title": "고객 이력 조회 시스템 구축",
    "description": "고객의 상담 이력, 주문 이력, 결제 이력을 통합 조회할 수 있는 시스템이 필요합니다. 현재는 각 시스템을 따로 조회하여 시간이 오래 걸립니다.",
    "system": "고객관리시스템",
    "priority": "Medium",
    "category": "신규기능",
    "requester": "CS팀",
    "created_date": "2024-03-10",
    "target_date": "2024-04-15",
    "business_impact": "고객 서비스 효율성 향상, 응답 시간 단축",
    "technical_requirements": [
      "통합 이력 조회 API 개발",
      "데이터 연동 구축",
      "대시보드 개발",
      "검색 기능 구현"
    ],
    "affected_components": ["고객DB", "상담시스템", "주문시스템", "결제시스템"]
  },
  {
    "id": "SR-2024-013",
    "title": "주문 처리 시스템 성능 최적화",
    "description": "주문 처리 시 처리 시간이 길어져 주문 승인이 지연되는 문제가 발생하고 있습니다. 특히 대량 주문 처리 시 성능 저하가 심각합니다.",
    "system": "주문처리시스템",
    "priority": "Critical",
    "category": "성능개선",
    "requester": "주문팀",
    "created_date": "2024-03-15",
    "target_date": "2024-03-30",
    "business_impact": "주문 처리 지연으로 인한 고객 이탈 및 매출 손실",
    "technical_requirements": [
      "주문 처리 로직 최적화",
      "비동기 처리 도입",
      "배치 처리 성능 개선",
      "데이터베이스 성능 튜닝"
    ],
    "affected_components": ["주문엔진", "주문DB", "결제게이트웨이", "재고시스템"]
  },
  {
    "id": "SR-2024-014",
    "title": "재고 실시간 동기화 시스템 구축",
    "description": "재고 정보가 실시간으로 반영되지 않아 주문 시 재고 부족 오류가 발생하는 경우가 있습니다. 각 시스템 간 재고 동기화가 필요합니다.",
    "system": "재고관리시스템",
    "priority": "High",
    "category": "인프라개선",
    "requester": "재고팀",
    "created_date": "2024-03-20",
    "target_date": "2024-04-30",
    "business_impact": "재고 정보 부정확으로 인한 주문 오류 및 고객 불만",
    "technical_requirements": [
      "실시간 재고 동기화 메커니즘 구축",
      "이벤트 기반 아키텍처 도입",
      "재고 충돌 해결 로직",
      "동기화 모니터링 시스템"
    ],
    "affected_components": ["재고DB", "주문시스템", "물류시스템", "매장시스템"]
  },
  {
    "id": "SR-2024-015",
    "title": "결제 시스템 보안 강화",
    "description": "결제 시 보안 인증 과정이 불안정하여 결제 실패가 발생하는 경우가 있습니다. 보안 인증 로직을 개선하고 이중 인증을 도입해야 합니다.",
    "system": "결제시스템",
    "priority": "Critical",
    "category": "보안개선",
    "requester": "결제팀",
    "created_date": "2024-03-25",
    "target_date": "2024-04-20",
    "business_impact": "결제 실패로 인한 주문 실패 및 매출 손실",
    "technical_requirements": [
      "이중 인증 시스템 구축",
      "결제 토큰 암호화 강화",
      "보안 로그 강화",
      "침입 탐지 시스템 연동"
    ],
    "affected_components": ["결제게이트웨이", "인증서버", "보안모듈", "로그시스템"]
  },
  {
    "id": "SR-2024-016",
    "title": "배송 추적 시스템 개선",
    "description": "배송 상태 조회 시 정보가 업데이트되지 않거나 지연되는 문제가 있습니다. 실시간 배송 추적이 가능하도록 개선이 필요합니다.",
    "system": "배송관리시스템",
    "priority": "Medium",
    "category": "개선",
    "requester": "물류팀",
    "created_date": "2024-04-01",
    "target_date": "2024-04-30",
    "business_impact": "배송 정보 조회 지연으로 인한 고객 불만",
    "technical_requirements": [
      "실시간 배송 정보 업데이트",
      "배송사 API 연동 강화",
      "배송 추적 UI 개선",
      "알림 시스템 구축"
    ],
    "affected_components": ["배송DB", "배송사API", "알림서버", "고객포털"]
  }
]
